<?xml version="1.0" ?>
<!--

    Copyright 2010 FatWire Corporation. All Rights Reserved.

    Licensed under the Apache License, Version 2.0 (the "License");
    you may not use this file except in compliance with the License.
    You may obtain a copy of the License at

       http://www.apache.org/licenses/LICENSE-2.0

    Unless required by applicable law or agreed to in writing, software
    distributed under the License is distributed on an "AS IS" BASIS,
    WITHOUT WARRANTIES OR CONDITIONS OF ANY KIND, either express or implied.
    See the License for the specific language governing permissions and
    limitations under the License.

-->
<FTCS Version="1.1">
<!-- GST/Foundation/InstallAttributes

INPUT

OUTPUT

-->
<!-- Record dependencies for the SiteEntry and the CSElement -->
<SETVAR NAME="isNew" VALUE="true"/>
<REMOVEVAR NAME="newid"/>
<REMOVEVAR NAME="Inid"/>
<REMOVEVAR NAME="id"/>

<!-- mandatory for default values -->
<SETVAR NAME="asset:type" VALUE="string"/>
<SETVAR NAME="asset:valuestyle" VALUE="S"/> 
<SETVAR NAME="asset:embedtype" VALUE="U"/>
<SETVAR NAME="asset:assettypename" VALUE="Variables.empty"/>
<SETVAR NAME="asset:deptype" VALUE="E"/>
<SETVAR NAME="asset:editing" VALUE="L"/>
<SETVAR NAME="asset:storage" VALUE="L"/>

<asset.create NAME="attr" TYPE="Variables.AttributeType"/>
<SETVAR NAME="asset:name" VALUE="linktext"/>
<SETVAR NAME="asset:description" VALUE="Link Text"/>
<asset.gather NAME="attr" PREFIX="asset"/>
<asset.save NAME="attr"/>

<asset.create NAME="attr" TYPE="Variables.AttributeType"/>
<SETVAR NAME="asset:name" VALUE="linkimage"/>
<SETVAR NAME="asset:description" VALUE="Link Image"/>
<asset.gather NAME="attr" PREFIX="asset"/>
<asset.save NAME="attr"/>

<asset.create NAME="attr" TYPE="Variables.AttributeType"/>
<SETVAR NAME="asset:name" VALUE="gsttag"/>
<SETVAR NAME="asset:description" VALUE="Tag"/>
<asset.gather NAME="attr" PREFIX="asset"/>
<asset.save NAME="attr"/>

<asset.create NAME="attr" TYPE="Variables.AttributeType"/>
<SETVAR NAME="asset:name" VALUE="h1title"/>
<SETVAR NAME="asset:description" VALUE="h1title"/>
<asset.gather NAME="attr" PREFIX="asset"/>
<asset.save NAME="attr"/>

<!-- linktext string is already defined-->

<asset.create NAME="attr" TYPE="Variables.AttributeType"/>
<SETVAR NAME="asset:name" VALUE="metadescription"/>
<SETVAR NAME="asset:description" VALUE="Metadescription"/>
<asset.gather NAME="attr" PREFIX="asset"/>
<asset.save NAME="attr"/>

<asset.create NAME="attr" TYPE="Variables.AttributeType"/>
<SETVAR NAME="asset:name" VALUE="metakeyword"/>
<SETVAR NAME="asset:description" VALUE="Metakeyword"/>
<asset.gather NAME="attr" PREFIX="asset"/>
<asset.save NAME="attr"/>


<asset.create NAME="attr" TYPE="Variables.AttributeType"/>
<SETVAR NAME="asset:name" VALUE="metatitle"/>
<SETVAR NAME="asset:description" VALUE="Metatitle"/>
<asset.gather NAME="attr" PREFIX="asset"/>
<asset.save NAME="attr"/>

</FTCS>