<?xml version="1.0" encoding="UTF-8"?>
<!--

    Copyright 2008 FatWire Corporation. All Rights Reserved.

    Licensed under the Apache License, Version 2.0 (the "License");
    you may not use this file except in compliance with the License.
    You may obtain a copy of the License at

       http://www.apache.org/licenses/LICENSE-2.0

    Unless required by applicable law or agreed to in writing, software
    distributed under the License is distributed on an "AS IS" BASIS,
    WITHOUT WARRANTIES OR CONDITIONS OF ANY KIND, either express or implied.
    See the License for the specific language governing permissions and
    limitations under the License.

-->

<!DOCTYPE log4j:configuration SYSTEM "http://logging.apache.org/log4j/docs/api/org/apache/log4j/xml/log4j.dtd">
<log4j:configuration xmlns:log4j="http://jakarta.apache.org/log4j/" debug="false">
    <appender name="console" class="org.apache.log4j.ConsoleAppender">
        <param name="Target" value="System.out" />
        <param name="Threshold" value="info" />
        <layout class="org.apache.log4j.PatternLayout">
            <param name="ConversionPattern" value="%d{ABSOLUTE} %-5p [%c{1}] [%t] %m%n" />
        </layout>
    </appender>
    <appender name="filelog" class="org.apache.log4j.RollingFileAppender">
        <param name="file" value="logs/crawler.log" />
        <param name="MaxFileSize" value="50MB" />
        <param name="MaxBackupIndex" value="15" />
        <param name="append" value="false" />
        <param name="bufferedIO" value="false" />
        <param name="BufferSize" value="256" />
        <layout class="org.apache.log4j.PatternLayout">
            <param name="ConversionPattern" value="%d{ABSOLUTE} %-5p [%c{1}] [%t] %m%n" />
        </layout>
    </appender>

    <logger name="com.fatwire">
        <level value="info"></level>
        <appender-ref ref="filelog" />

    </logger>
    <logger name="com.fatwire.dta.sscrawler">
        <level value="info"></level>
    </logger>

    
    <logger name="com.fatwire.dta.sscrawler.handlers">
        <level value="info"></level>

    </logger>
    <logger name="com.fatwire.dta.sscrawler.util.SSUriHelper">
        <level value="info"></level>
    </logger>

    <!-- Setup the Root category -->
    <root>
        <priority value="info" />
        <appender-ref ref="console" />
    </root>
</log4j:configuration>
